{"nodes":null,"selection":null,"view":{"scroll":{"x":8367.640625,"y":4122.2998046875},"zoom":1.5}}