{"nodes":null,"selection":null,"view":{"scroll":{"x":-12917.099609375,"y":-6377.8447265625},"zoom":1.5}}