{"nodes":{"node:51":{"location":{"x":5116,"y":-3}}},"selection":null,"view":{"scroll":{"x":6177.79296875,"y":-171.428070068359375},"zoom":1.25}}