{"nodes":null,"selection":null,"view":{"scroll":{"x":4554.11962890625,"y":181.640777587890625},"zoom":1}}