{"nodes":{"node:40":{"location":{"x":4270,"y":1090}},"node:43":{"location":{"x":4700,"y":1116}},"node:47":{"location":{"x":4380,"y":1218}},"node:51":{"location":{"x":4990,"y":1170}},"node:56":{"location":{"x":4716,"y":1292}},"node:58":{"location":{"x":4460,"y":994}}},"selection":null,"view":{"scroll":{"x":5343.6015625,"y":1172.958740234375},"zoom":1.25}}