{"nodes":{"node:26":{"location":{"x":4718,"y":1244}},"node:30":{"location":{"x":5070,"y":1282}}},"selection":["node:26","node:30"],"view":{"scroll":{"x":1821.210205078125,"y":269.14605712890625},"zoom":0.5}}