{"nodes":{"node:40":{"location":{"x":4494,"y":1164}},"node:43":{"location":{"x":4508,"y":1298}},"node:47":{"location":{"x":4798,"y":1212}}},"selection":null,"view":{"scroll":{"x":5280.408203125,"y":1325.333251953125},"zoom":1.25}}