{"nodes":null,"selection":null,"view":{"scroll":{"x":4535.11962890625,"y":194.6407470703125},"zoom":1}}