{"nodes":{"node:26":{"location":{"x":224,"y":-211}}},"selection":null,"view":{"scroll":{"x":111.4683837890625,"y":-477.19671630859375},"zoom":1.5}}