{"nodes":{"node:51":{"location":{"x":5820,"y":77}}},"selection":null,"view":{"scroll":{"x":8352.478515625,"y":8.95813941955566406},"zoom":1.49999988079071045}}