{"nodes":{"node:51":{"location":{"x":5426,"y":692}}},"selection":null,"view":{"scroll":{"x":7605.177734375,"y":834.54638671875},"zoom":1.5}}