{"nodes":null,"selection":null,"view":{"scroll":{"x":8297.478515625,"y":-129.0418701171875},"zoom":1.49999988079071045}}