{"nodes":{"node:101":{"location":{"x":13502,"y":8572}},"node:111":{"location":{"x":14012,"y":8434}},"node:123":{"location":{"x":13387,"y":8490}},"node:125":{"location":{"x":13748,"y":8572}},"node:130":{"location":{"x":14094,"y":8530}},"node:140":{"location":{"x":13852,"y":8736}},"node:51":{"location":{"x":13692,"y":8596}},"node:61":{"location":{"x":14030,"y":8554}},"node:71":{"location":{"x":14119,"y":8650}},"node:81":{"location":{"x":13918,"y":8450}},"node:91":{"location":{"x":13534,"y":8580}}},"selection":null,"view":{"scroll":{"x":13407.3671875,"y":8514.013671875},"zoom":1}}