{"nodes":{"node:51":{"location":{"x":9159,"y":940}},"node:61":{"location":{"x":5670,"y":-188}}},"selection":["node:61"],"view":{"scroll":{"x":2209.4306640625,"y":-256.986328125},"zoom":0.5}}