{"nodes":null,"selection":null,"view":{"scroll":{"x":8279.640625,"y":3962.300048828125},"zoom":1.5}}