{"nodes":{"node:0":{"location":{"x":0,"y":0}}},"selection":null,"view":{"scroll":{"x":-433.514373779296875,"y":-380.291259765625},"zoom":2}}