{"nodes":null,"selection":null,"view":{"scroll":{"x":8240.640625,"y":3917.300048828125},"zoom":1.5}}